{"cameraMode":{"drawMode":0,"name":"Shaded","section":"Shading Mode"},"sceneLighting":true,"audioPlay":false,"sceneViewState":{"showFog":true,"showMaterialUpdate":false,"showSkybox":true,"showFlares":true,"showImageEffects":true,"showParticleSystems":true,"showVisualEffectGraphs":true,"m_FxEnabled":true},"in2DMode":false,"pivot":{"x":120.67424011230469,"y":-193.29751586914063,"z":366.823974609375},"rotation":{"x":0.23260082304477693,"y":0.14122624695301057,"z":-0.03415392339229584,"w":0.9616926312446594},"size":240.12380981445313,"orthographic":false}